{"name":"5d3f45d0-57a0-4497-a560-910e7082c9d9","id":"/providers/Microsoft.Flow/flows/5d3f45d0-57a0-4497-a560-910e7082c9d9","type":"Microsoft.Flow/flows","properties":{"apiId":"/providers/Microsoft.PowerApps/apis/shared_logicflows","displayName":"Get Stock Prices","definition":{"metadata":{"workflowEntityId":null,"processAdvisorMetadata":null,"flowChargedByPaygo":null,"flowclientsuspensionreason":"None","flowclientsuspensiontime":null,"flowclientsuspensionreasondetails":null,"creator":{"id":"c9ea743d-d5e8-4c6b-a4b2-b5eb452e1623","type":"User","tenantId":"33ba1d33-0afd-4e26-804e-94c68c4a53ea"},"provisioningMethod":"FromDefinition","failureAlertSubscription":true,"clientLastModifiedTime":"2024-03-24T22:00:43.8798212Z","connectionKeySavedTimeKey":"2024-03-24T22:00:43.8798212Z"},"$schema":"https://schema.management.azure.com/providers/Microsoft.Logic/schemas/2016-06-01/workflowdefinition.json#","contentVersion":"undefined","parameters":{"$connections":{"defaultValue":{},"type":"Object"},"$authentication":{"defaultValue":{},"type":"SecureObject"}},"triggers":{"Recurrence":{"recurrence":{"frequency":"Day","interval":1,"startTime":"2024-03-18T10:00:00.000Z"},"metadata":{"operationMetadataId":"f390cb37-ee39-427e-9c12-9b458728ab08"},"type":"Recurrence"}},"actions":{"Get_Stock_items":{"runAfter":{"Initialize_APIKey_variable":["Succeeded"]},"metadata":{"operationMetadataId":"6ca9772b-fd48-4faf-998e-fafbe19ebcde"},"type":"OpenApiConnection","inputs":{"host":{"apiId":"/providers/Microsoft.PowerApps/apis/shared_sharepointonline","connectionName":"shared_sharepointonline","operationId":"GetItems"},"parameters":{"dataset":"@variables('SPOSiteURL')","table":"Stocks"},"authentication":"@parameters('$authentication')"}},"Loop_through_stock_items":{"foreach":"@outputs('Get_Stock_items')?['body/value']","actions":{"Parse_stock_price_JSON":{"runAfter":{"Get_stock_price_from_Alpha_Vantage":["Succeeded"]},"metadata":{"operationMetadataId":"91a09371-ef5c-4bbc-b296-cc6e0c86a2e4"},"type":"ParseJson","inputs":{"content":"@outputs('Get_stock_price_from_Alpha_Vantage')","schema":{"type":"object","properties":{"Global Quote":{"type":"object","properties":{"01. symbol":{"type":"string"},"02. open":{"type":"string"},"03. high":{"type":"string"},"04. low":{"type":"string"},"05. price":{"type":"string"},"06. volume":{"type":"string"},"07. latest trading day":{"type":"string"},"08. previous close":{"type":"string"},"09. change":{"type":"string"},"10. change percent":{"type":"string"}}}}}}},"Get_stock_price_from_Alpha_Vantage":{"runAfter":{},"metadata":{"operationMetadataId":"f531cee6-719a-458e-a316-954cd4100bc2"},"type":"Http","inputs":{"method":"GET","uri":"https://www.alphavantage.co/query?function=GLOBAL_QUOTE&symbol=@{items('Loop_through_stock_items')?['Symbol']}&apikey=@{variables('APIKey')}"},"runtimeConfiguration":{"contentTransfer":{"transferMode":"Chunked"}}},"Update_stock_item":{"runAfter":{"Parse_stock_price_JSON":["Succeeded"]},"metadata":{"operationMetadataId":"22afec91-e30e-4262-b124-0c2648120419"},"type":"OpenApiConnection","inputs":{"host":{"apiId":"/providers/Microsoft.PowerApps/apis/shared_sharepointonline","connectionName":"shared_sharepointonline","operationId":"PatchItem"},"parameters":{"dataset":"@variables('SPOSiteURL')","table":"Stocks","id":"@items('Loop_through_stock_items')?['ID']","item":{"Volume":"@outputs('Parse_stock_price_JSON')?['body']?['body']?['Global Quote']?['06. volume']","Price":"@outputs('Parse_stock_price_JSON')?['body']?['body']?['Global Quote']?['05. price']","LowestPrice":"@outputs('Parse_stock_price_JSON')?['body']?['body']?['Global Quote']?['04. low']","HighestPrice":"@outputs('Parse_stock_price_JSON')?['body']?['body']?['Global Quote']?['03. high']","ClosingPrice":"@outputs('Parse_stock_price_JSON')?['body']?['body']?['Global Quote']?['08. previous close']","OpeningPrice":"@outputs('Parse_stock_price_JSON')?['body']?['body']?['Global Quote']?['02. open']"}},"authentication":"@parameters('$authentication')"}}},"runAfter":{"Get_Stock_items":["Succeeded"]},"metadata":{"operationMetadataId":"d67ec3cd-00cb-440b-8748-0d47b2d7370c"},"type":"Foreach"},"Initialize_APIKey_variable":{"runAfter":{"Initalize_SPOSiteURL_variable":["Succeeded"]},"metadata":{"operationMetadataId":"b1aef7db-b94f-4727-8bad-88ecb8f3f0a6"},"type":"InitializeVariable","inputs":{"variables":[{"name":"APIKey","type":"string","value":"yourapikey"}]}},"Initalize_SPOSiteURL_variable":{"runAfter":{},"metadata":{"operationMetadataId":"c2bfc3b4-97b3-4429-884b-c14bc99d9d59"},"type":"InitializeVariable","inputs":{"variables":[{"name":"SPOSiteURL","type":"string","value":"https://contoso.sharepoint.com/"}]}}}},"connectionReferences":{"shared_sharepointonline":{"connectionName":"1225bfebb3a847f799b545d1d070f44e","source":"Embedded","id":"/providers/Microsoft.PowerApps/apis/shared_sharepointonline","tier":"NotSpecified"}},"flowFailureAlertSubscribed":false,"isManaged":false}}